age,average_days_to_death,sd
juvenile,12.3,1.567021236
adult,14.11111111,1.280648948