age,average_days_to_death,sd,se,sample_size
juvenile,12.3,1.567021236,0.495535625,10
adult,14.11111111,1.280648948,0.512196914,9